configuration,fold,epoch,train_size,validation_size,vocabulary_size,parameter_count,train_loss,validation_loss,accuracy,precision,recall,f1,fp,fn,d_model,n_heads,n_layers,dim_feedforward,dropout
baseline,1,1,3301,826,6925,518466,0.22866735590880827,0.12737151473471964,0.9527845036319612,0.9705882352941176,0.6407766990291263,0.7719298245614035,2,37,64,4,2,128,0.1
baseline,1,2,3301,826,6925,518466,0.08640789169557471,0.08741665558921079,0.9721549636803875,0.9166666666666666,0.8543689320388349,0.8844221105527639,8,15,64,4,2,128,0.1
baseline,1,3,3301,826,6925,518466,0.047500409515700406,0.09277453204305712,0.9745762711864406,0.8942307692307693,0.9029126213592233,0.8985507246376812,11,10,64,4,2,128,0.1
baseline,2,1,3301,826,6910,517506,0.20119685919149036,0.13402757910925886,0.9576271186440678,0.8207547169811321,0.8446601941747572,0.8325358851674641,19,16,64,4,2,128,0.1
baseline,2,2,3301,826,6910,517506,0.09113368042342657,0.12825171200256372,0.9600484261501211,0.8181818181818182,0.8737864077669902,0.8450704225352113,20,13,64,4,2,128,0.1
baseline,2,3,3301,826,6910,517506,0.05126686707876512,0.14427189961003622,0.9576271186440678,0.7786885245901639,0.9223300970873787,0.8444444444444444,27,8,64,4,2,128,0.1
baseline,3,1,3301,826,6888,516098,0.2215784416166951,0.11975394683657778,0.9673123486682809,0.8958333333333334,0.8349514563106796,0.864321608040201,10,17,64,4,2,128,0.1
baseline,3,2,3301,826,6888,516098,0.08525936084492507,0.09501611904554592,0.9745762711864406,0.9456521739130435,0.8446601941747572,0.8923076923076924,5,16,64,4,2,128,0.1
baseline,3,3,3301,826,6888,516098,0.04808280715181119,0.1034495308634444,0.9745762711864406,0.8942307692307693,0.9029126213592233,0.8985507246376812,11,10,64,4,2,128,0.1
baseline,4,1,3302,825,6890,516226,0.23689274400244748,0.16233156153649994,0.9466666666666667,0.9836065573770492,0.5825242718446602,0.7317073170731707,1,43,64,4,2,128,0.1
baseline,4,2,3302,825,6890,516226,0.09013036336199234,0.12160141505978324,0.9624242424242424,0.9615384615384616,0.7281553398058253,0.8287292817679558,3,28,64,4,2,128,0.1
baseline,4,3,3302,825,6890,516226,0.05550953219512163,0.1285763754176371,0.9660606060606061,0.9629629629629629,0.7572815533980582,0.8478260869565217,3,25,64,4,2,128,0.1
baseline,5,1,3303,824,6862,514434,0.2203322076719438,0.12869869015242869,0.9575242718446602,0.9240506329113924,0.7156862745098039,0.8066298342541437,6,29,64,4,2,128,0.1
baseline,5,2,3303,824,6862,514434,0.08533621696817886,0.11954955800065717,0.9660194174757282,0.9743589743589743,0.7450980392156863,0.8444444444444444,2,26,64,4,2,128,0.1
baseline,5,3,3303,824,6862,514434,0.04141704561599777,0.1490718117616709,0.9526699029126213,0.7692307692307693,0.8823529411764706,0.821917808219178,27,12,64,4,2,128,0.1
narrow,1,1,3301,826,6925,242850,0.300180683990783,0.1695575907140898,0.9261501210653753,0.875,0.47572815533980584,0.6163522012578616,7,54,32,4,2,64,0.1
narrow,1,2,3301,826,6925,242850,0.15259620466943005,0.10270988716592801,0.9673123486682809,0.9222222222222223,0.8058252427184466,0.8601036269430051,7,20,32,4,2,64,0.1
narrow,1,3,3301,826,6925,242850,0.09166740625588886,0.08392484218657882,0.9721549636803875,0.9,0.8737864077669902,0.8866995073891626,10,13,32,4,2,64,0.1
narrow,2,1,3301,826,6910,242370,0.2735762555841712,0.18345096025426508,0.9285714285714286,1.0,0.42718446601941745,0.5986394557823129,0,59,32,4,2,64,0.1
narrow,2,2,3301,826,6910,242370,0.14641436494342921,0.11786536049756242,0.9624697336561744,0.9864864864864865,0.7087378640776699,0.8248587570621468,1,30,32,4,2,64,0.1
narrow,2,3,3301,826,6910,242370,0.09068169676713134,0.12962020597179347,0.9612590799031477,0.9863013698630136,0.6990291262135923,0.8181818181818182,1,31,32,4,2,64,0.1
narrow,3,1,3301,826,6888,241666,0.2652498574019544,0.19183946399076798,0.927360774818402,0.8909090909090909,0.47572815533980584,0.620253164556962,6,54,32,4,2,64,0.1
narrow,3,2,3301,826,6888,241666,0.1195442651472399,0.1464244081451587,0.9479418886198547,0.8947368421052632,0.6601941747572816,0.7597765363128491,8,35,32,4,2,64,0.1
narrow,3,3,3301,826,6888,241666,0.07493317860661944,0.18101485670695294,0.950363196125908,0.984375,0.6116504854368932,0.7544910179640718,1,40,32,4,2,64,0.1
narrow,4,1,3302,825,6890,241730,0.26394082070511626,0.16963212323911261,0.9381818181818182,0.776595744680851,0.7087378640776699,0.7411167512690355,21,30,32,4,2,64,0.1
narrow,4,2,3302,825,6890,241730,0.1301986100834691,0.15923660025452122,0.943030303030303,0.7222222222222222,0.883495145631068,0.7947598253275109,35,12,32,4,2,64,0.1
narrow,4,3,3302,825,6890,241730,0.08334226239664984,0.10541913658832058,0.9636363636363636,0.8924731182795699,0.8058252427184466,0.8469387755102041,10,20,32,4,2,64,0.1
narrow,5,1,3303,824,6862,240834,0.32282232421543644,0.18415635021276844,0.9381067961165048,0.7802197802197802,0.696078431372549,0.7357512953367875,20,31,32,4,2,64,0.1
narrow,5,2,3303,824,6862,240834,0.1384917276937096,0.12426500608330791,0.9587378640776699,0.8617021276595744,0.7941176470588235,0.826530612244898,13,21,32,4,2,64,0.1
narrow,5,3,3303,824,6862,240834,0.08439110135073093,0.11487703135653028,0.9635922330097088,0.875,0.8235294117647058,0.8484848484848485,12,18,32,4,2,64,0.1
wide,1,1,3301,826,6925,826850,0.2221519720431116,0.10102339846602941,0.9624697336561744,0.8050847457627118,0.9223300970873787,0.8597285067873304,23,8,96,4,2,192,0.1
wide,1,2,3301,826,6925,826850,0.06986005349585239,0.06642967806655471,0.9757869249394673,0.946236559139785,0.8543689320388349,0.8979591836734694,5,15,96,4,2,192,0.1
wide,1,3,3301,826,6925,826850,0.02843229696284376,0.07910776854724991,0.9733656174334141,0.8857142857142857,0.9029126213592233,0.8942307692307693,12,10,96,4,2,192,0.1
wide,2,1,3301,826,6910,825410,0.2025683956687395,0.07671994046639588,0.9709443099273608,0.9540229885057471,0.8058252427184466,0.8736842105263158,4,20,96,4,2,192,0.1
wide,2,2,3301,826,6910,825410,0.0660053880812453,0.06510193811472478,0.9794188861985472,0.967391304347826,0.8640776699029126,0.9128205128205128,3,14,96,4,2,192,0.1
wide,2,3,3301,826,6910,825410,0.024402775868301734,0.05561730414899585,0.9830508474576272,0.9158878504672897,0.9514563106796117,0.9333333333333333,9,5,96,4,2,192,0.1
wide,3,1,3301,826,6888,823298,0.19710953758679098,0.10433261172697128,0.9709443099273608,0.9759036144578314,0.7864077669902912,0.8709677419354839,2,22,96,4,2,192,0.1
wide,3,2,3301,826,6888,823298,0.0664719147909567,0.07077690451372118,0.9806295399515739,0.9578947368421052,0.883495145631068,0.9191919191919192,4,12,96,4,2,192,0.1
wide,3,3,3301,826,6888,823298,0.026374115813743593,0.09033984754467947,0.9769975786924939,0.9468085106382979,0.8640776699029126,0.9035532994923858,5,14,96,4,2,192,0.1
wide,4,1,3302,825,6890,823490,0.2219492327489595,0.11155255590424393,0.9660606060606061,0.9518072289156626,0.7669902912621359,0.8494623655913979,4,24,96,4,2,192,0.1
wide,4,2,3302,825,6890,823490,0.06783862336951087,0.09592279383630463,0.9769696969696969,1.0,0.8155339805825242,0.8983957219251337,0,19,96,4,2,192,0.1
wide,4,3,3302,825,6890,823490,0.0305136459623125,0.11684446114482301,0.9709090909090909,1.0,0.7669902912621359,0.8681318681318682,0,24,96,4,2,192,0.1
wide,5,1,3303,824,6862,820802,0.17107301933085814,0.1423194701240841,0.9550970873786407,0.9850746268656716,0.6470588235294118,0.7810650887573964,1,36,96,4,2,192,0.1
wide,5,2,3303,824,6862,820802,0.058628909345947444,0.1004127090869164,0.9720873786407767,0.9540229885057471,0.8137254901960784,0.8783068783068783,4,19,96,4,2,192,0.1
wide,5,3,3303,824,6862,820802,0.026417106008662553,0.11500028774449692,0.9696601941747572,0.9052631578947369,0.8431372549019608,0.8730964467005076,9,16,96,4,2,192,0.1
shallow,1,1,3301,826,6925,484994,0.2552494085541966,0.12118174837446674,0.9588377723970944,0.8791208791208791,0.7766990291262136,0.8247422680412371,11,23,64,4,1,128,0.1
shallow,1,2,3301,826,6925,484994,0.09431290818771623,0.08563274882968344,0.9697336561743342,0.9431818181818182,0.8058252427184466,0.8691099476439791,5,20,64,4,1,128,0.1
shallow,1,3,3301,826,6925,484994,0.048991367338246126,0.07824702496182616,0.9757869249394673,0.9278350515463918,0.8737864077669902,0.9,7,13,64,4,1,128,0.1
shallow,2,1,3301,826,6910,484034,0.22659200021387121,0.12180643043419928,0.9612590799031477,0.8514851485148515,0.8349514563106796,0.8431372549019608,15,17,64,4,1,128,0.1
shallow,2,2,3301,826,6910,484034,0.09442449610153317,0.11823481582916967,0.9600484261501211,0.8125,0.883495145631068,0.8465116279069768,21,12,64,4,1,128,0.1
shallow,2,3,3301,826,6910,484034,0.051368630655116654,0.11296705396498664,0.9636803874092009,0.8288288288288288,0.8932038834951457,0.8598130841121495,19,11,64,4,1,128,0.1
shallow,3,1,3301,826,6888,482626,0.24008989515123277,0.13376904394450545,0.9552058111380145,0.8928571428571429,0.7281553398058253,0.8021390374331551,9,28,64,4,1,128,0.1
shallow,3,2,3301,826,6888,482626,0.09019526583167266,0.09814090166267991,0.9721549636803875,0.8846153846153846,0.8932038834951457,0.8888888888888888,12,11,64,4,1,128,0.1
shallow,3,3,3301,826,6888,482626,0.043894229842176655,0.09724442276553438,0.9733656174334141,0.900990099009901,0.883495145631068,0.8921568627450981,10,12,64,4,1,128,0.1
shallow,4,1,3302,825,6890,482754,0.2659709251038437,0.16599579182538118,0.9454545454545454,0.953125,0.5922330097087378,0.7305389221556886,3,42,64,4,1,128,0.1
shallow,4,2,3302,825,6890,482754,0.09352205260778054,0.1139198405453653,0.9672727272727273,0.9634146341463414,0.7669902912621359,0.8540540540540541,3,24,64,4,1,128,0.1
shallow,4,3,3302,825,6890,482754,0.04255045237176759,0.12648966987927754,0.9721212121212122,0.9878048780487805,0.7864077669902912,0.8756756756756757,1,22,64,4,1,128,0.1
shallow,5,1,3303,824,6862,480962,0.2519808672402362,0.13242527956450448,0.9587378640776699,0.9358974358974359,0.7156862745098039,0.8111111111111111,5,29,64,4,1,128,0.1
shallow,5,2,3303,824,6862,480962,0.08481086942370357,0.10732275578509835,0.9696601941747572,0.9139784946236559,0.8333333333333334,0.8717948717948718,8,17,64,4,1,128,0.1
shallow,5,3,3303,824,6862,480962,0.04308956555992984,0.10765924510880581,0.9720873786407767,0.9340659340659341,0.8333333333333334,0.8808290155440415,6,17,64,4,1,128,0.1
deep,1,1,3301,826,6925,551938,0.21395331047423424,0.11928641114194515,0.9491525423728814,0.8080808080808081,0.7766990291262136,0.7920792079207921,19,23,64,4,3,128,0.1
deep,1,2,3301,826,6925,551938,0.08525601659456515,0.08735982636237838,0.9745762711864406,0.9183673469387755,0.8737864077669902,0.8955223880597015,8,13,64,4,3,128,0.1
deep,1,3,3301,826,6925,551938,0.055424086064815754,0.09158073878592246,0.9745762711864406,0.8796296296296297,0.9223300970873787,0.9004739336492891,13,8,64,4,3,128,0.1
deep,2,1,3301,826,6910,550978,0.2037186720892358,0.12847373773485926,0.9588377723970944,0.8349514563106796,0.8349514563106796,0.8349514563106796,17,17,64,4,3,128,0.1
deep,2,2,3301,826,6910,550978,0.09305459061669684,0.11865693000630086,0.9612590799031477,0.8256880733944955,0.8737864077669902,0.8490566037735849,19,13,64,4,3,128,0.1
deep,2,3,3301,826,6910,550978,0.05879597597290254,0.13513706693060462,0.9588377723970944,0.7948717948717948,0.9029126213592233,0.8454545454545455,24,10,64,4,3,128,0.1
deep,3,1,3301,826,6888,549570,0.2193356420787238,0.11720195366633429,0.9648910411622276,0.8775510204081632,0.8349514563106796,0.8557213930348259,12,17,64,4,3,128,0.1
deep,3,2,3301,826,6888,549570,0.08748568698830995,0.09278525926677858,0.9721549636803875,0.925531914893617,0.8446601941747572,0.883248730964467,7,16,64,4,3,128,0.1
deep,3,3,3301,826,6888,549570,0.056183840650630625,0.10590546292683548,0.9709443099273608,0.8623853211009175,0.912621359223301,0.8867924528301887,15,9,64,4,3,128,0.1
deep,4,1,3302,825,6890,549698,0.2251468179764385,0.1710506824652354,0.9442424242424242,0.9830508474576272,0.5631067961165048,0.7160493827160493,1,45,64,4,3,128,0.1
deep,4,2,3302,825,6890,549698,0.0904686932498843,0.1338875546058019,0.9612121212121212,0.9493670886075949,0.7281553398058253,0.8241758241758241,4,28,64,4,3,128,0.1
deep,4,3,3302,825,6890,549698,0.051673056012998785,0.15558176217657146,0.9612121212121212,0.9733333333333334,0.7087378640776699,0.8202247191011236,2,30,64,4,3,128,0.1
deep,5,1,3303,824,6862,547906,0.19972204480431874,0.16724494360025646,0.9478155339805825,0.9538461538461539,0.6078431372549019,0.7425149700598802,3,40,64,4,3,128,0.1
deep,5,2,3303,824,6862,547906,0.08466435406966653,0.1545313628191508,0.9478155339805825,1.0,0.5784313725490197,0.7329192546583851,0,43,64,4,3,128,0.1
deep,5,3,3303,824,6862,547906,0.038525416504665295,0.13419278065484125,0.962378640776699,0.8446601941747572,0.8529411764705882,0.848780487804878,16,15,64,4,3,128,0.1
